<?xml version="1.0" encoding="UTF-8"?>
<beans:beans xmlns="http://www.springframework.org/schema/mvc"
	xmlns:xsi="http://www.w3.org/2001/XMLSchema-instance"
	xmlns:beans="http://www.springframework.org/schema/beans"
	xmlns:context="http://www.springframework.org/schema/context"
	xsi:schemaLocation="http://www.springframework.org/schema/mvc http://www.springframework.org/schema/mvc/spring-mvc.xsd
		http://www.springframework.org/schema/beans 
		http://www.springframework.org/schema/beans/spring-beans.xsd
		http://www.springframework.org/schema/context 
		http://www.springframework.org/schema/context/spring-context.xsd">

	<!-- DispatcherServlet Context: defines this servlet's request-processing infrastructure -->
	
	<!-- 1.핸들러매핑과 핸들러아답터를 자동으로 객체생성함
		 2. @annotation을 사용할 수 있게 해줌
	 -->
	<annotation-driven />

	<!-- 뷰리졸브 객체 add라는 문자열을 받으면 /WEB-INF/views/add.jsp 라는 경로를 반환해준다 -->
	<beans:bean class="org.springframework.web.servlet.view.InternalResourceViewResolver">
		<beans:property name="prefix" value="/WEB-INF/views/" />
		<beans:property name="suffix" value=".jsp" />
	</beans:bean>
	
	
	<!-- com.springmvc.* 아라고 표시하면 해당 패키지의 모든 클래스의 객체를 만들어서 보관 후 자동주입함 -->
	<context:component-scan base-package="com.springmvc.*" />
	
	
	<!-- 이메일 전송 객체 -->
    <beans:bean id="mailSender" class="org.springframework.mail.javamail.JavaMailSenderImpl">
        <beans:property name="host" value="smtp.gmail.com" />
        <beans:property name="port" value="587" />
        <beans:property name="username" value="rhxntrt22@gmail.com" /> <!-- e-mail 계정 입력 -->
        <beans:property name="password" value="kzhg tanp toqy jkbc" /> <!-- 앱 비밀번호 입력 -->
        <beans:property name="defaultEncoding" value="utf-8" />
        <beans:property name="javaMailProperties">
            <beans:props>
                <beans:prop key="mail.transport.protocol">smtp</beans:prop>
                <beans:prop key="mail.smtp.auth">true</beans:prop>
                <beans:prop key="mail.smtp.starttls.enable">true</beans:prop>
                <beans:prop key="mail.smtp.ssl.enable">false</beans:prop>
                <beans:prop key="mail.debug">true</beans:prop>
                <beans:prop key="mail.smtp.ssl.trust">smtp.gmail.com</beans:prop>
                <beans:prop key="mail.smtp.ssl.protocols">TLSv1.2</beans:prop>
            </beans:props>
        </beans:property>   
    </beans:bean>
	
	
	
	
	<!-- css,image,js와 같은 공유되는 파일의 위치를 정하고 MVC외 처리를 실시함 -->
	<!-- 디스패쳐 서블릿은 관여하지말고 그냥 통과 -->
	<!-- http://localhost:8080/chap0201/resources/images/p1234.jpg  / ** 폴더 안으로 몇번들어가도 상관없음 / * /아래로 하나만 -->
	<resources mapping="/resources/**" location="/resources/" />
	
	<!-- 
		1. 핸들러 매핑 // 서블릿
		2. 뷰리졸브 // 서블릿
		3. com.springmvc.controller.HomeController : @Controller
	
	 -->	
</beans:beans>
